title,score,time,connect_url
雀圣2：自摸天后,5.7,2017-07-02,"thunder://QUFodHRwOi8vZGwxMjguODBzLmltOjkyMC8xNzA3L+mbgOWcozLvvJroh6rmkbjlpKnlkI5b57Kk6K+t54mIXS/pm4DlnKMy77ya6Ieq5pG45aSp5ZCOW+eypOivreeJiF0ubXA0Wlo=,thunder://QUFodHRwOi8vZGwxMjguODBzLmltOjkyMC8xNzA3L+mbgOWcozLvvJroh6rmkbjlpKnlkI5b5Zu96K+t54mIXS/pm4DlnKMy77ya6Ieq5pG45aSp5ZCOW+WbveivreeJiF0ubXA0Wlo="
惊门,3.5,2017-06-30,thunder://QUFodHRwOi8vZGwxMjMuODBzLmltOjkyMC8xNzA2L+aDiumXqC/mg4rpl6gubXA0Wlo=
毒。诫,4.6,2017-07-01,"thunder://QUFodHRwOi8vZGwxMjkuODBzLmltOjkyMC8xNzA3L+avkuOAgmpb57Kk6K+t54mIXS/mr5LjgIJqW+eypOivreeJiF0ubXA0Wlo=,thunder://QUFodHRwOi8vZGwxMjkuODBzLmltOjkyMC8xNzA3L+avkuOAgmpb5Zu96K+t54mIXS/mr5LjgIJqW+WbveivreeJiF0ubXA0Wlo="
金钱追杀令,3.3,2017-06-30,thunder://QUFodHRwOi8vZGwxMjQuODBzLmltOjkyMC8xNzA2L+mHkemSsei/veadgOS7pC/ph5HpkrHov73mnYDku6QubXA0Wlo=
奇迹，那天如此重要,7.6,2017-06-30,thunder://QUFodHRwOi8vZGwxMjMuODBzLmltOjkyMC8xNzA2L+Wlh+i/ue+8jOmCo+WkqeWmguatpOmHjeimgS/lpYfov7nvvIzpgqPlpKnlpoLmraTph43opoEubXA0Wlo=
卧底1000,6.4,2017-07-01,thunder://QUFodHRwOi8vZGwxMjguODBzLmltOjkyMC8xNzA3L+WNp+W6lTEwMDAv5Y2n5bqVMTAwMC5tcDRaWg==
冈仁波齐[DVD版],7.8,2017-06-30,thunder://QUFodHRwOi8vZGwxMjQuODBzLmltOjkyMC8xNzA2L+WGiHLms6LpvZBbRFZE54mIXS/lhohy5rOi6b2QW0RWROeJiF1faGQubXA0Wlo=
逆路,5.4,2017-07-01,"thunder://QUFodHRwOi8vZGwxMjcuODBzLmltOjkyMC8xNzA3L+mAhui3ry/pgIbot68ubXA0Wlo=,magnet:?xt=urn:btih:AF917E5B4B408E6CD310949CE039BC74BF04E5E8"
破碎我心,5.0,2017-07-02,thunder://QUFodHRwOi8vZGwxMzAuODBzLmltOjkyMC8xNzA3L+egtOeijuaIkeW/gy/noLTnoo7miJHlv4MubXA0Wlo=
保安官,6.0,2017-06-28,"thunder://QUFodHRwOi8vZGwxMjQuODBzLmltOjkyMC8xNzA2L+S/nWHlrpgv5L+dYeWumC5tcDRaWg==,magnet:?xt=urn:btih:6F9D257D23BDA527B43677143A2CACCF28F77DF5"
迷失Z城,6.7,2017-06-28,"thunder://QUFodHRwOi8vZGwxMjMuODBzLmltOjkyMC8xNzA2L+i/t3N65Z+OL+i/t3N65Z+OLm1wNFpa,magnet:?xt=urn:btih:fbfb8e5b3f0bfffef3cda39d26c1615e0ff43eb8&dn=The.Lost.City.of.Z.2016.720p.WEB-DL.XviD.AC3-FGT&tr=http%3A%2F%2Ftracker.trackerfix.com%3A80%2Fannounce&tr=udp%3A%2F%2F9.rarbg.me%3A2710%2Fannounce&tr=udp%3A%2F%2F9.rarbg.to%3A2710%2Fannounce"
反弹,5.7,2017-07-02,thunder://QUFodHRwOi8vZGwxMzEuODBzLmltOjkyMC8xNzA3L+WPjeW8uS/lj43lvLkubXA0Wlo=
神奇女侠,7.6,2017-07-02,thunder://QUFodHRwOi8vZGwxMjcuODBzLmltOjkyMC8xNzA3L+elnnHlpbPkvqAv56WeceWls+S+oC5tcDRaWg==
突然20岁,7.5,2017-06-28,thunder://QUFodHRwOi8vZGwxMjIuODBzLmltOjkyMC8xNzA2L+eqgeeEtjIw5bKBL+eqgeeEtjIw5bKBLm1wNFpa
变形金刚5：最后的骑士[抢先版],4.8,2017-06-28,thunder://QUFodHRwOi8vZGwxMjMuODBzLmltOjkyMC8xNzA2L+WPmHjph5HliJo177ya5pyA5ZCO55qE6aqR5aOrW+aKouWFiOeJiF0v5Y+YeOmHkeWImjXvvJrmnIDlkI7nmoTpqpHlo6tb5oqi5YWI54mIXV9iZC5tcDRaWg==
我的老婆是明星,3.8,2017-06-29,"thunder://QUFodHRwOi8vZGwxMjEuODBzLmltOjkyMC8xNzA2L+aIkeeahOiAgeWphuaYr+aYjuaYn1vnsqTor63niYhdL+aIkeeahOiAgeWphuaYr+aYjuaYn1vnsqTor63niYhdLm1wNFpa,thunder://QUFodHRwOi8vZGw0My44MHMuaW06OTIwLzE2MDUv5oiR55qE6ICB5amG5piv5piO5pifL+aIkeeahOiAgeWphuaYr+aYjuaYny5tcDRaWg==,magnet:?xt=urn:btih:482DC190BBDE14A3D664C6A5E304F40E5FEFC8E5"
爱尚泰国,3.3,2017-06-29,thunder://QUFodHRwOi8vZGwxMjIuODBzLmltOjkyMC8xNzA2L+eIseWwmuazsOWbvS/niLHlsJrms7Dlm70ubXA0Wlo=
月球陷阱：地球危机,3.5,2017-06-29,thunder://QUFodHRwOi8vZGwxMjQuODBzLmltOjkyMC8xNzA2L+aciOeQg+mZt+mYse+8muWcsOeQg+WNseacui/mnIjnkIPpmbfpmLHvvJrlnLDnkIPljbHmnLoubXA0Wlo=
艾米丽·布莱尔的秘密,2.3,2017-06-29,thunder://QUFodHRwOi8vZGwxMjQuODBzLmltOjkyMC8xNzA2L+iJvuexs+S4vcK35biD6I6x5bCU55qE56eY5a+GL+iJvuexs+S4vcK35biD6I6x5bCU55qE56eY5a+GLm1wNFpa
末陨回声,3.2,2017-06-28,thunder://QUFodHRwOi8vZGwxMjQuODBzLmltOjkyMC8xNzA2L+acq+mZqOWbnuWjsC/mnKvpmajlm57lo7AubXA0Wlo=
你眼中的世界,7.6,2017-06-29,thunder://QUFodHRwOi8vZGwxMjMuODBzLmltOjkyMC8xNzA2L+S9oOecvOS4reeahOS4lueVjC/kvaDnnLzkuK3nmoTkuJbnlYwubXA0Wlo=
DC超能妹子：星际游戏,2.3,2017-06-29,thunder://QUFodHRwOi8vZGwxMjMuODBzLmltOjkyMC8xNzA2L0RD6LaF6IO95aa55a2Q77ya5pif6ZmF5ri45oiPL0RD6LaF6IO95aa55a2Q77ya5pif6ZmF5ri45oiPLm1wNFpa
三只小猪2,3.7,2017-06-29,thunder://QUFodHRwOi8vZGwxMjEuODBzLmltOjkyMC8xNzA2L+S4ieWPquWwj+eMqjIv5LiJ5Y+q5bCP54yqMl9iZC5tcDRaWg==
破门：两个疫病神,6.8,2017-06-30,thunder://QUFodHRwOi8vZGwxMjUuODBzLmltOjkyMC8xNzA2L+egtOmXqO+8muS4pOS4queWq+eXheelni/noLTpl6jvvJrkuKTkuKrnlqvnl4XnpZ4ubXA0Wlo=
麻烦家族,4.8,2017-06-30,"thunder://QUFodHRwOi8vZGwxMjIuODBzLmltOjkyMC8xNzA2L+m6u2blrrbml48v6bq7ZuWutuaXjy5tcDRaWg==,magnet:?xt=urn:btih:EABCA79100FCF39A1665F3D3542195814EC4B9C2"
心机识表,5.2,2017-06-28,thunder://QUFodHRwOi8vZGwxMjEuODBzLmltOjkyMC8xNzA2L+W/g+acuuivhuihqC/lv4PmnLror4booagubXA0Wlo=
亚瑟王：斗兽争霸,7.5,2017-06-26,thunder://QUFodHRwOi8vZGwxMjMuODBzLmltOjkyMC8xNzA2L+S6mnPnjovvvJpk5YW95LqJ6Zy4L+S6mnPnjovvvJpk5YW95LqJ6Zy4Lm1wNFpa
忠爱无言,7.3,2017-06-26,thunder://QUFodHRwOi8vZGwxMjMuODBzLmltOjkyMC8xNzA2L+W/oOeIseaXoOiogC/lv6DniLHml6DoqIAubXA0Wlo=
劣质爱情,6.2,2017-06-26,thunder://QUFodHRwOi8vZGwxMjIuODBzLmltOjkyMC8xNzA2L+WKo+i0qOeIseaDhS/liqPotKjniLHmg4UubXA0Wlo=
帅气的恶魔,7.5,2017-06-26,thunder://QUFodHRwOi8vZGwxMjEuODBzLmltOjkyMC8xNzA2L+W4heawlOeahOaBtumtlC/luIXmsJTnmoTmgbbprZQubXA0Wlo=
荡寇风云[DVD版],6.3,2017-06-26,thunder://QUFodHRwOi8vZGwxMjQuODBzLmltOjkyMC8xNzA2L+iNoWvpo47kupFbRFZE54mIXS/ojaFr6aOO5LqRW0RWROeJiF0ubXA0Wlo=
古墓奇谭,3.7,2017-06-26,thunder://QUFodHRwOi8vZGwxMjQuODBzLmltOjkyMC8xNzA2L+WPpOWik+Wlh+iwrS/lj6TlopPlpYfosK0ubXA0Wlo=
重返·狼群[抢先版],8.0,2017-06-27,thunder://QUFodHRwOi8vZGwxMjEuODBzLmltOjkyMC8xNzA2L+mHjWbCt+eLvOe+pFvmiqLlhYjniYhdL+mHjWbCt+eLvOe+pFvmiqLlhYjniYhdX2JkLm1wNFpa
伦敦父女档,6.8,2017-06-22,thunder://QUFodHRwOi8vZGwxMjYuODBzLmltOjkyMC8xNzA2L+S8puaVpueItuWls+ahoy/kvKbmlabniLblpbPmoaMubXA0Wlo=
不期而遇,4.1,2017-06-23,thunder://QUFodHRwOi8vZGwxMjIuODBzLmltOjkyMC8xNzA2L+S4jXHogIzpgYcv5LiNceiAjOmBhy5tcDRaWg==
文森特与世界的尽头,7.3,2017-06-23,"thunder://QUFodHRwOi8vZGwxMjQuODBzLmltOjkyMC8xNzA2L+aWh+ajrueJueS4juS4lueVjOeahOWwveWktC/mlofmo67nibnkuI7kuJbnlYznmoTlsL3lpLQubXA0Wlo=,magnet:?xt=urn:btih:C128EDD1B4450873D295A97B01C1D8D4B46D70BB"
灵狼传奇,5.4,2017-06-23,"thunder://QUFodHRwOi8vZGwxMjMuODBzLmltOjkyMC8xNzA2L+eBtWzkvKDlpYdb6Iux6K+t6YWN6Z+z54mIXS/ngbVs5Lyg5aWHW+iLseivremFjemfs+eJiF0ubXA0Wlo=,thunder://QUFodHRwOi8vZGwxMjUuODBzLmltOjkyMC8xNzA2L+eBtWzkvKDlpYdb5Zu96K+t6YWN6Z+z54mIXS/ngbVs5Lyg5aWHW+WbveivremFjemfs+eJiF0ubXA0Wlo="
重装上阵,5.6,2017-06-24,"thunder://QUFodHRwOi8vZGwxMjEuODBzLmltOjkyMC8xNzA2L+mHjeijheS4iumYtS/ph43oo4XkuIrpmLUubXA0Wlo=,magnet:?xt=urn:btih:87613c90f985dc3142d60fbea0baf966f3d53a2a&dn=Once.Upon.a.Time.in.Venice.2017.1080p.WEB-DL.DD5.1.H264-FGT&tr=http%3A%2F%2Ftracker.trackerfix.com%3A80%2Fannounce&tr=udp%3A%2F%2F9.rarbg.me%3A2710%2Fannounce&tr=udp%3A%2F%2F9.rarbg.to%3A2710%2Fannounce"
拆弹专家,6.7,2017-06-24,"thunder://QUFodHRwOi8vZGwxMjQuODBzLmltOjkyMC8xNzA2L+aLhmTkuJPlrrYv5ouGZOS4k+Wuti5tcDRaWg==,magnet:?xt=urn:btih:3FBF41144A1CC39F30EA94DE4D34D7F5C58AAFBD"
西贡卫士,5.5,2017-06-24,"thunder://QUFodHRwOi8vZGwxMjIuODBzLmltOjkyMC8xNzA2L+ilv+i0oeWNq+Wjqy/opb/otKHljavlo6subXA0Wlo=,magnet:?xt=urn:btih:006F544CC8C8F02F461129BFF8203426B5228CBD"
破冰船,7.2,2017-06-25,"thunder://QUFodHRwOi8vZGwxMjEuODBzLmltOjkyMC8xNzA2L+egtOWGsOiIuS/noLTlhrDoiLkubXA0Wlo=,magnet:?xt=urn:btih:93EF94961861E5216145B5C720317D89E7D1028B"
夜闯寡妇村,2.4,2017-06-25,thunder://QUFodHRwOi8vZGwxMjIuODBzLmltOjkyMC8xNzA2L+WknOmXr+WvoeWmh+adkS/lpJzpl6/lr6HlpofmnZEubXA0Wlo=
救僵清道夫,5.6,2017-06-25,"thunder://QUFodHRwOi8vZGwxMjMuODBzLmltOjkyMC8xNzA2L+aVkeWDtea4hemBk+Wkq1vlm73or63niYhdL+aVkeWDtea4hemBk+Wkq1vlm73or63niYhdLm1wNFpa,thunder://QUFodHRwOi8vZGwxMjMuODBzLmltOjkyMC8xNzA2L+aVkeWDtea4hemBk+Wkq1vnsqTor63niYhdL+aVkeWDtea4hemBk+Wkq1vnsqTor63niYhdLm1wNFpa,magnet:?xt=urn:btih:fec2e33efc9be11c4ff2322d6c20b6a0d66ca912&dn=Vampire.Cleanup.Department.2017.720p.BluRay.x264-WiKi&tr=http%3A%2F%2Ftracker.trackerfix.com%3A80%2Fannounce&tr=udp%3A%2F%2F9.rarbg.me%3A2710&tr=udp%3A%2F%2F9.rarbg.to%3A"
异形：契约[抢先版],7.4,2017-06-25,thunder://QUFodHRwOi8vZGwxMjQuODBzLmltOjkyMC8xNzA2L+W8gnjvvJpx57qmW+aKouWFiOeJiF0v5byCeO+8mnHnuqZb5oqi5YWI54mIXV9oZC5tcDRaWg==
美好的人生,7.4,2017-06-27,"thunder://QUFodHRwOi8vZGwxMjEuODBzLmltOjkyMC8xNzA2L+e+juWlveeahOS6uueUny/nvo7lpb3nmoTkurrnlJ8ubXA0Wlo=,magnet:?xt=urn:btih:b29ce14d86794726b198d4d5945208ea18ee339a&dn=Dear+Zindagi+%282016%29+720p+Bluray+x264+DD+5.1+ESub+%5BDDR%5D&tr=udp%3A%2F%2Ftracker.openbittorrent.com%3A80%2Fannounce&tr=udp%3A%2F%2Fglotorrents.pw%3A6969%2Fannounce&tr=udp%3A%2F%2Ftracker.openbittorrent.com%3A80%2Fannounce"
诡异酒楼,2.3,2017-06-27,thunder://QUFodHRwOi8vZGwxMjIuODBzLmltOjkyMC8xNzA2L+ivoeW8gumFkualvC/or6HlvILphZLmpbwubXA0Wlo=
碟仙前传,3.2,2017-06-27,thunder://QUFodHRwOi8vZGwxMjQuODBzLmltOjkyMC8xNzA2L+ein+S7meWJjeS8oC/nop/ku5nliY3kvKAubXA0Wlo=
鼹鼠之歌2：香港狂骚曲,6.3,2017-06-22,"thunder://QUFodHRwOi8vZGwxMjUuODBzLmltOjkyMC8xNzA2L+m8uem8oOS5i+atjDLvvJrpppnmuK/ni4Lpqprmm7Iv6by56byg5LmL5q2MMu+8mummmea4r+eLgumqmuabsi5tcDRaWg==,magnet:?xt=urn:btih:4215CDF806C0C54714728CE93DC1D5DA2ABAD55A"
ST红白的搜查档案,6.9,2017-06-27,"thunder://QUFodHRwOi8vZGwxMjIuODBzLmltOjkyMC8xNzA2L1NU57qi55m955qE5pCc5p+l5qGj5qGIL1NU57qi55m955qE5pCc5p+l5qGj5qGILm1wNFpa,magnet:?xt=urn:btih:990b98cc196fbe924b1d2da98471f8142ef53346&dn=ST.The.Movie.2015.720p.BluRay.x264-WiKi&tr=udp://open.demonii.com:1337/announce&tr=udp://tracker.publicbt.com:80/announce&tr=udp://tracker.openbittorrent.com:80/announce&tr=udp://tracker.istole.it:80/announce&tr=http://tracker.trackerfix.com/announce&tr=udp://9.rarbg.to:2710/announce&tr=udp://9.rarbg.me:2710/announce
"
此情此刻,5.2,2017-06-27,"thunder://QUFodHRwOi8vZGwxMTguODBzLmltOjkyMC8xNzA1L+atpHHmraTliLtb5Zu96K+t54mIXS/mraRx5q2k5Yi7W+WbveivreeJiF0ubXA0Wlo=,thunder://QUFodHRwOi8vZGwxMjMuODBzLmltOjkyMC8xNzA2L+atpHHmraTliLtb57Kk6K+t54mIXS/mraRx5q2k5Yi7W+eypOivreeJiF0ubXA0Wlo="
宝拉[DVD版],7.4,2017-06-17,thunder://QUFodHRwOi8vZGwxMjYuODBzLmltOjkyMC8xNzA2L+WuneaLiVtEVkTniYhdL+WuneaLiVtEVkTniYhdX2JkLm1wNFpa
我不是你的黑鬼,8.1,2017-06-27,"thunder://QUFodHRwOi8vZGwxMjMuODBzLmltOjkyMC8xNzA2L+aIkeS4jeaYr+S9oOeahOm7kemsvC/miJHkuI3mmK/kvaDnmoTpu5HprLwubXA0Wlo=,magnet:?xt=urn:btih:f315ef31e21beaa485f05767a9be0d282732d0be&dn=I.Am.Not.Your.Negro.2016.DOCU.720p.BluRay.x264-PSYCHD%5Brarbg%5D&tr=http%3A%2F%2Ftracker.trackerfix.com%3A80%2Fannounce&tr=udp%3A%2F%2F9.rarbg.me%3A2710%2Fannounce&tr=udp%3A%2F%2F9.rarbg.to%3A2710%2Fannounce"
你自己与你所有,7.1,2017-06-17,thunder://QUFodHRwOi8vZGwxMjMuODBzLmltOjkyMC8xNzA2L+S9oOiHquW3seS4juS9oOaJgOaciS/kvaDoh6rlt7HkuI7kvaDmiYDmnIkubXA0Wlo=
牛蝇,5.3,2017-06-17,thunder://QUFodHRwOi8vZGwxMjEuODBzLmltOjkyMC8xNzA2L27onYcvbuidhy5tcDRaWg==
嫌疑人X的献身,5.5,2017-06-18,"thunder://QUFodHRwOi8vZGwxMjMuODBzLmltOjkyMC8xNzA2L+WrjHnkurpY55qEeOi6qy/lq4x55Lq6WOeahHjouqsubXA0Wlo=,magnet:?xt=urn:btih:B2706306D70FDFB699441E63CCC739FA931C1DFC"
美好的意外[抢先版],5.5,2017-06-19,thunder://QUFodHRwOi8vZGwxMjEuODBzLmltOjkyMC8xNzA2L+e+jmjnmoR55aSWW+aKouWFiOeJiF0v576OaOeahHnlpJZb5oqi5YWI54mIXS5tcDRaWg==
加州公路巡警,6.8,2017-06-19,"thunder://QUFodHRwOi8vZGwxMjMuODBzLmltOjkyMC8xNzA2L+WKoOW3nuWFrOi3r+W3oeitpi/liqDlt57lhazot6/lt6HoraYubXA0Wlo=,magnet:?xt=urn:btih:491C0053D098798397EC9221944A5867FF6D96F9"
明日的我与昨日的你约会,7.5,2017-06-19,"thunder://QUFodHRwOi8vZGwxMjIuODBzLmltOjkyMC8xNzA2L+aYjuaXpeeahOaIkeS4juaYqOaXpeeahOS9oOe6puS8mi/mmI7ml6XnmoTmiJHkuI7mmKjml6XnmoTkvaDnuqbkvJoubXA0Wlo=,magnet:?xt=urn:btih:1f70f99297462a47f6f2ede4e5a9efbc965123d2&dn=Tomorrow.I.Will.Date.with.Yesterdays.You.2016.720p.BluRay.x264-WiKi&tr=http%3A%2F%2Ftracker.trackerfix.com%3A80%2Fannounce&tr=udp%3A%2F%2F9.rarbg.me%3A2710%2Fannounce&tr=udp%3A%2F%2F9.rarbg.to%3A2710%2Fannounce"
微光湖,5.9,2017-06-18,thunder://QUFodHRwOi8vZGwxMjUuODBzLmltOjkyMC8xNzA2L+W+ruWFiea5li/lvq7lhYnmuZYubXA0Wlo=
盗爱时空之笨贼也疯狂,3.1,2017-06-18,thunder://QUFodHRwOi8vZGwxMjEuODBzLmltOjkyMC8xNzA2L+ebl+eIseaXtuepuuS5i+esqOi0vOS5n+eWr+eLgi/nm5fniLHml7bnqbrkuYvnrKjotLzkuZ/nlq/ni4IubXA0Wlo=
漂洋过海来爱你,5.1,2017-06-19,"thunder://QUFodHRwOi8vZGwxMjMuODBzLmltOjkyMC8xNzA2L+a8gua0i+i/h+a1t+adpWHkvaAv5ryC5rSL6L+H5rW35p2lYeS9oC5tcDRaWg==,magnet:?xt=urn:btih:38E460EE5ACB4F7474E0D784EE4B1901EFC676AE"
杀儿凶手,6.8,2017-06-16,thunder://QUFodHRwOi8vZGwxMjMuODBzLmltOjkyMC8xNzA2L+adgOWEv+WHtuaJiy/mnYDlhL/lh7bmiYsubXA0Wlo=
银河护卫队2[DVD版],8.2,2017-06-21,thunder://QUFodHRwOi8vZGwxMjMuODBzLmltOjkyMC8xNzA2L+mTtmjmiqTljavpmJ8yW0RWROeJiF0v6ZO2aOaKpOWNq+mYnzJbRFZE54mIXS5tcDRaWg==
一切为了幸福,7.2,2017-06-16,thunder://QUFodHRwOi8vZGwxMjUuODBzLmltOjkyMC8xNzA2L+S4gOWIh+S4uuS6huW5uOemjy/kuIDliIfkuLrkuoblubjnpo8ubXA0Wlo=
生化危机：复仇,7.5,2017-06-21,"thunder://QUFodHRwOi8vZGwxMjMuODBzLmltOjkyMC8xNzA2L+eUn2jljbHmnLrvvJpm5LuHL+eUn2jljbHmnLrvvJpm5LuHLm1wNFpa,magnet:?xt=urn:btih:ca7453e46014c4d2c78c520c12064747429b5774&dn=Resident.Evil.Vendetta.2017.720p.WEB-DL.XviD.AC3-FGT&tr=http%3A%2F%2Ftracker.trackerfix.com%3A80%2Fannounce&tr=udp%3A%2F%2F9.rarbg.me%3A2710%2Fannounce&tr=udp%3A%2F%2F9.rarbg.to%3A2710%2Fannounce"
中国推销员[抢先版],4.5,2017-06-19,thunder://QUFodHRwOi8vZGwxMjQuODBzLmltOjkyMC8xNzA2L+S4reWbveaOqHjlkZhb5oqi5YWI54mIXS/kuK3lm73mjqh45ZGYW+aKouWFiOeJiF0ubXA0Wlo=
歌声不绝,5.9,2017-06-21,"thunder://QUFodHRwOi8vZGwxMjIuODBzLmltOjkyMC8xNzA2L+atjOWjsOS4jee7nS/mrYzlo7DkuI3nu50ubXA0Wlo=,magnet:?xt=urn:btih:96910bf72e4f8de797bd97941b1c4d182805824b&dn=Song.To.Song.2017.720p.BRRip.XviD.AC3-RARBG&tr=http%3A%2F%2Ftracker.trackerfix.com%3A80%2Fannounce&tr=udp%3A%2F%2F9.rarbg.me%3A2710%2Fannounce&tr=udp%3A%2F%2F9.rarbg.to%3A2710%2Fannounce"
夏天19岁的肖像,5.1,2017-06-16,thunder://QUFodHRwOi8vZGwxMjUuODBzLmltOjkyMC8xNzA2L+Wkj3QxOeWygeeahHjlg48v5aSPdDE55bKB55qEeOWDjy5tcDRaWg==
戒色师,4.2,2017-06-16,thunder://QUFodHRwOi8vZGwxMjIuODBzLmltOjkyMC8xNzA2L+aIknPluIgv5oiSc+W4iC5tcDRaWg==
失恋399年,3.2,2017-06-15,"thunder://QUFodHRwOi8vZGwxMjQuODBzLmltOjkyMC8xNzA2L+WkseaBizM5OeW5tC/lpLHmgYszOTnlubQubXA0Wlo=,magnet:?xt=urn:btih:F33EF1E0F10DB6DE90365210E9F70A3DFB957DE8"
超凡战队,5.0,2017-06-15,"thunder://QUFodHRwOi8vZGwxMjQuODBzLmltOjkyMC8xNzA2L+i2hWbmiJjpmJ8v6LaFZuaImOmYny5tcDRaWg==,magnet:?xt=urn:btih:deb8ae14e001b24fd1e9cdd39e0e9b12a0c2c496&dn=Power.Rangers.2017.720p.WEB-DL.XviD.AC3-FGT&tr=http%3A%2F%2Ftracker.trackerfix.com%3A80%2Fannounce&tr=udp%3A%2F%2F9.rarbg.me%3A2710%2Fannounce&tr=udp%3A%2F%2F9.rarbg.to%3A2710%2Fannounce"
合约男女,4.6,2017-06-22,"thunder://QUFodHRwOi8vZGwxMDQuODBzLmltOjkyMC8xNzAzL+WQiOe6pm7lpbMv5ZCI57qmbuWlsy5tcDRaWg==,thunder://QUFodHRwOi8vZGwxMjMuODBzLmltOjkyMC8xNzA2L+WQiOe6pm7lpbNb57Kk6K+t54mIXS/lkIjnuqZu5aWzW+eypOivreeJiF0ubXA0Wlo="
动物园长的夫人,6.8,2017-06-21,"thunder://QUFodHRwOi8vZGwxMjUuODBzLmltOjkyMC8xNzA2L+WKqOeJqeWbremVv+eahOWkq+S6ui/liqjnianlm63plb/nmoTlpKvkuroubXA0Wlo=,magnet:?xt=urn:btih:cae39afef51bb670a2180dc2c3b8290413215887&dn=The.Zookeepers.Wife.2017.720p.BluRay.x264-GECKOS%5Brarbg%5D&tr=http%3A%2F%2Ftracker.trackerfix.com%3A80%2Fannounce&tr=udp%3A%2F%2F9.rarbg.me%3A2710%2Fannounce&tr=udp%3A%2F%2F9.rarbg.to%3A2710%2Fannounce"
联合王国,6.5,2017-06-22,"thunder://QUFodHRwOi8vZGwxMjQuODBzLmltOjkyMC8xNzA2L+iBlOWQiOeOi+WbvS/ogZTlkIjnjovlm70ubXA0Wlo=,magnet:?xt=urn:btih:4e037fdb81aef2e915c045614f6f718b822390ef&dn=A.United.Kingdom.2016.720p.BluRay.x264-DRONES%5Brarbg%5D&tr=http%3A%2F%2Ftracker.trackerfix.com%3A80%2Fannounce&tr=udp%3A%2F%2F9.rarbg.me%3A2710%2Fannounce&tr=udp%3A%2F%2F9.rarbg.to%3A2710%2Fannounce"
埃贡·席勒：死神和少女,7.7,2017-06-21,thunder://QUFodHRwOi8vZGwxMjYuODBzLmltOjkyMC8xNzA2L+Wfg+i0ocK35bit5YuS77ya5q2756We5ZKM5bCR5aWzL+Wfg+i0ocK35bit5YuS77ya5q2756We5ZKM5bCR5aWzLm1wNFpa
蓝精灵：寻找神秘村,6.4,2017-06-21,"thunder://QUFodHRwOi8vZGwxMjQuODBzLmltOjkyMC8xNzA2L+iTnWrngbXvvJrlr7vmib7npZ7np5jmnZEv6JOdaueBte+8muWvu+aJvuelnuenmOadkS5tcDRaWg==,magnet:?xt=urn:btih:4b81aa951ec13afbd6b74d5d99f7af208db29138&dn=Smurfs.The.Lost.Village.2017.720p.WEB-DL.XviD.AC3-FGT&tr=http%3A%2F%2Ftracker.trackerfix.com%3A80%2Fannounce&tr=udp%3A%2F%2F9.rarbg.me%3A2710%2Fannounce&tr=udp%3A%2F%2F9.rarbg.to%3A2710%2Fannounce"
金刚：骷髅岛,6.2,2017-06-22,"thunder://QUFodHRwOi8vZGwxMjIuODBzLmltOjkyMC8xNzA2L+mHkWfvvJprbOWymy/ph5Fn77yaa2zlspsubXA0Wlo=,magnet:?xt=urn:btih:88C452125A03AFF19CFCE50EE3EE76FDDB69266A"
不汗党,7.0,2017-06-11,thunder://QUFodHRwOi8vZGwxMjEuODBzLmltOjkyMC8xNzA2L+S4jWjlhZov5LiNaOWFmi5tcDRaWg==
咸鱼传奇,2.4,2017-06-12,"thunder://QUFodHRwOi8vZGwxMjIuODBzLmltOjkyMC8xNzA2L+WSuHnkvKDlpYcv5ZK4eeS8oOWlhy5tcDRaWg==,magnet:?xt=urn:btih:8FED0065DE16E380BB703FBB1A379C3BAAA43BF5"
血狼犬,5.9,2017-06-16,"thunder://QUFodHRwOi8vZGwxMjEuODBzLmltOjkyMC8xNzA2L+ihgGzniqwv6KGAbOeKrC5tcDRaWg==,magnet:?xt=urn:btih:8699D320A4E0D06ED80A87CF73B28F2AB464515D"
贝尔科实验,6.0,2017-06-12,"thunder://QUFodHRwOi8vZGwxMjEuODBzLmltOjkyMC8xNzA2L+i0neWwlOenkeWunumqjC/otJ3lsJTnp5Hlrp7pqowubXA0Wlo=,magnet:?xt=urn:btih:ca0a0eed5c4aa211fce2e68fc8f8491eae3aefc7&dn=The.Belko.Experiment.2016.720p.BluRay.x264-BLOW%5Brarbg%5D&tr=http%3A%2F%2Ftracker.trackerfix.com%3A80%2Fannounce&tr=udp%3A%2F%2F9.rarbg.me%3A2710%2Fannounce&tr=udp%3A%2F%2F9.rarbg.to%3A2710%2Fannounce"
艾米丽,4.8,2017-06-15,"thunder://QUFodHRwOi8vZGwxMjUuODBzLmltOjkyMC8xNzA2L+iJvuexs+S4vS/oib7nsbPkuL0ubXA0Wlo=,magnet:?xt=urn:btih:d299ff39da4f9e9c93423f3afd27c266db8dd93a&dn=Emelie.2015.720p.BluRay.x264-ROVERS&tr=http%3A%2F%2Ftracker.trackerfix.com%3A80%2Fannounce&tr=udp%3A%2F%2F9.rarbg.me%3A2710%2Fannounce&tr=udp%3A%2F%2F9.rarbg.to%3A2710%2Fannounce"
春娇救志明,7.5,2017-06-12,"thunder://QUFodHRwOi8vZGwxMjMuODBzLmltOjkyMC8xNzA2L+aYpWrmlZHlv5fmmI5b5Zu96K+t54mIXS/mmKVq5pWR5b+X5piOW+WbveivreeJiF0ubXA0Wlo=,thunder://QUFodHRwOi8vZGwxMjMuODBzLmltOjkyMC8xNzA2L+aYpWrmlZHlv5fmmI5b57Kk6K+t54mIXS/mmKVq5pWR5b+X5piOW+eypOivreeJiF0ubXA0Wlo=,magnet:?xt=urn:btih:EC0B5E926AEAFC92996C5CA9A79B40691E87D25B"
雀圣,5.6,2017-06-11,"thunder://QUFodHRwOi8vZGwxMjMuODBzLmltOjkyMC8xNzA2L+mbgOWco1vlm73or63niYhdL+mbgOWco1vlm73or63niYhdLm1wNFpa,thunder://QUFodHRwOi8vZGwxMjMuODBzLmltOjkyMC8xNzA2L+mbgOWco1vnsqTor63niYhdL+mbgOWco1vnsqTor63niYhdLm1wNFpa"
老师也疯狂[DVD版],3.7,2017-06-13,thunder://QUFodHRwOi8vZGwxMjQuODBzLmltOjkyMC8xNzA2L+iAgeW4iOS5n+eWr+eLgltEVkTniYhdL+iAgeW4iOS5n+eWr+eLgltEVkTniYhdLm1wNFpa
完全陌生,6.2,2017-06-13,thunder://QUFodHRwOi8vZGwxMjMuODBzLmltOjkyMC8xNzA2L+WujOWFqOmZjOeUny/lrozlhajpmYznlJ8ubXA0Wlo=
霸道总裁蓝百万,3.7,2017-06-12,thunder://QUFodHRwOi8vZGwxMjQuODBzLmltOjkyMC8xNzA2L+mcuOmBk+aAu+ijgeiTneeZvuS4hy/pnLjpgZPmgLvoo4Hok53nmb7kuIcubXA0Wlo=
虎色虎香,3.1,2017-06-12,thunder://QUFodHRwOi8vZGwxMjQuODBzLmltOjkyMC8xNzA2L+iZjuiJsuiZjummmS/omY7oibLomY7pppkubXA0Wlo=
李雷和韩梅梅[抢先版],4.2,2017-06-12,thunder://QUFodHRwOi8vZGwxMjQuODBzLmltOjkyMC8xNzA2L+adjmzlkozpn6nmooXmooVb5oqi5YWI54mIXS/mnY5s5ZKM6Z+p5qKF5qKFW+aKouWFiOeJiF1faGQubXA0Wlo=
鬼姐姐,5.2,2017-06-13,thunder://QUFodHRwOi8vZGwxMjMuODBzLmltOjkyMC8xNzA2L+msvOWnkOWnkC/prLzlp5Dlp5AubXA0Wlo=
龙之心4：心火之战,5.6,2017-06-13,"thunder://QUFodHRwOi8vZGwxMjEuODBzLmltOjkyMC8xNzA2L+m+meS5i3g077ya5b+D54Gr5LmL5oiYL+m+meS5i3g077ya5b+D54Gr5LmL5oiYLm1wNFpa,magnet:?xt=urn:btih:A6DB0862E81A6B872D390D29EFADC931DE6465BD"
古都,6.8,2017-06-13,"thunder://QUFodHRwOi8vZGwxMjIuODBzLmltOjkyMC8xNzA2L+WPpOmDvS/lj6Tpg70ubXA0Wlo=,magnet:?xt=urn:btih:a77ac1d652b72a5ecb1e9601fa58d1c65b1f8063&dn=The.Old.Capital.2016.720p.BluRay.x264-WiKi&tr=http%3A%2F%2Ftracker.trackerfix.com%3A80%2Fannounce&tr=udp%3A%2F%2F9.rarbg.me%3A2710&tr=udp%3A%2F%2F9.rarbg.to%3A2710"
殉道者杀手,5.4,2017-06-14,"thunder://QUFodHRwOi8vZGwxMjMuODBzLmltOjkyMC8xNzA2L+auiemBk+iAheadgOaJiy/mronpgZPogIXmnYDmiYsubXA0Wlo=,magnet:?xt=urn:btih:509b23b5220de64dbb5bd88f17f0586762e1eaab&dn=Let.Me.Make.You.a.Martyr.2016.720p.WEB-DL.XviD.AC3-FGT&tr=http%3A%2F%2Ftracker.trackerfix.com%3A80%2Fannounce&tr=udp%3A%2F%2F9.rarbg.me%3A2710%2Fannounce&tr=udp%3A%2F%2F9.rarbg.to%3A2710%2Fannounce"
龙棺古墓,3.6,2017-06-14,thunder://QUFodHRwOi8vZGwxMjMuODBzLmltOjkyMC8xNzA2L+m+mWflj6TlopMv6b6ZZ+WPpOWiky5tcDRaWg==
走火交易,6.3,2017-06-14,thunder://QUFodHRwOi8vZGwxMjIuODBzLmltOjkyMC8xNzA2L+i1sOeBq+S6pOaYky/otbDngavkuqTmmJMubXA0Wlo=
新木乃伊[无字幕抢先版],4.8,2017-06-16,thunder://QUFodHRwOi8vZGwxMjIuODBzLmltOjkyMC8xNzA2L+aWsG3kuYPkvIpb5peg5a2X5bmV5oqi5YWI54mIXS/mlrBt5LmD5LyKW+aXoOWtl+W5leaKouWFiOeJiF1faGQubXA0Wlo=
威尔逊,5.8,2017-06-15,"thunder://QUFodHRwOi8vZGwxMjIuODBzLmltOjkyMC8xNzA2L+WogeWwlOmAii/lqIHlsJTpgIoubXA0Wlo=,magnet:?xt=urn:btih:e144607eee544d99650606bdbd2eb6219cd90178&dn=Wilson.2017.LIMITED.720p.BluRay.x264-GECKOS%5Brarbg%5D&tr=http%3A%2F%2Ftracker.trackerfix.com%3A80%2Fannounce&tr=udp%3A%2F%2F9.rarbg.me%3A2710%2Fannounce&tr=udp%3A%2F%2F9.rarbg.to%3A2710%2Fannounce"
“吃吃”的爱[抢先版],6.1,2017-06-15,thunder://QUFodHRwOi8vZGwxMjMuODBzLmltOjkyMC8xNzA2L+KAnOWQg2PigJ3nmoTniLFb5oqi5YWI54mIXS/igJzlkINj4oCd55qE54ixW+aKouWFiOeJiF0ubXA0Wlo=
走火枪,5.6,2017-06-14,"thunder://QUFodHRwOi8vZGwxMjEuODBzLmltOjkyMC8xNzA2L+i1sGjmnqov6LWwaOaeqi5tcDRaWg==,magnet:?xt=urn:btih:575FDA7460802C3B5D826942AF3371B4BE234AE5"
醒醒吧之跟风者,3.6,2017-06-07,thunder://QUFodHRwOi8vZGwxMjIuODBzLmltOjkyMC8xNzA2L+mGkumGkuWQp+S5i+i3n+mjjuiAhS/phpLphpLlkKfkuYvot5/po47ogIUubXA0Wlo=
抢红,3.3,2017-06-14,"thunder://QUFodHRwOi8vZGwxMjQuODBzLmltOjkyMC8xNzA2L3HnuqIvcee6oi5tcDRaWg==,magnet:?xt=urn:btih:C94D7ACF3BB32F4174FE0D39415646A0DAA8446B"
新宿天鹅2,5.1,2017-06-07,"thunder://QUFodHRwOi8vZGwxMjQuODBzLmltOjkyMC8xNzA2L+aWsOWuv+Wkqem5hTIv5paw5a6/5aSp6bmFMi5tcDRaWg==,magnet:?xt=urn:btih:6d112052a9d06f6da420b6ab4d91d277e610ded3&dn=Shinjuku.Swan.II.2017.720p.BluRay.x264-WiKi&tr=http%3A%2F%2Ftracker.trackerfix.com%3A80%2Fannounce&tr=udp%3A%2F%2F9.rarbg.me%3A2710%2Fannounce&tr=udp%3A%2F%2F9.rarbg.to%3A2710%2Fannounce"
六月与弓箭,3.7,2017-06-07,thunder://QUFodHRwOi8vZGwxMjMuODBzLmltOjkyMC8xNzA2L+WFreaciOS4juW8k+eurS/lha3mnIjkuI7lvJPnrq0ubXA0Wlo=
梨泰院杀人事件,6.5,2017-06-05,thunder://QUFodHRwOi8vZGwxMjUuODBzLmltOjkyMC8xNzA2L+aiqHTpmaLmnYDkurrkuovku7Yv5qKodOmZouadgOS6uuS6i+S7ti5tcDRaWg==
石之痛,6.1,2017-06-07,"thunder://QUFodHRwOi8vZGwxMjQuODBzLmltOjkyMC8xNzA2L+efs+S5i+eXmy/nn7PkuYvnl5subXA0Wlo=,magnet:?xt=urn:btih:610452B061AE2216B000BE98DAB6EB757E03A99C"
贝拉的奇幻花园,7.4,2017-06-07,thunder://QUFodHRwOi8vZGwxMjUuODBzLmltOjkyMC8xNzA2L+i0neaLieeahOWlh+W5u+iKseWbrS/otJ3mi4nnmoTlpYflubvoirHlm60ubXA0Wlo=
墙里的声音,5.2,2017-06-06,"thunder://QUFodHRwOi8vZGwxMjIuODBzLmltOjkyMC8xNzA2L+WimemHjOeahOWjsOmfs3YyL+WimemHjOeahOWjsOmfs3YyLm1wNFpa,magnet:?xt=urn:btih:6381294f714b87218489950fc5fce746db988bba&dn=Voice.from.the.Stone.2017.720p.WEB-DL.XviD.AC3-FGT&tr=http%3A%2F%2Ftracker.trackerfix.com%3A80%2Fannounce&tr=udp%3A%2F%2F9.rarbg.me%3A2710%2Fannounce&tr=udp%3A%2F%2F9.rarbg.to%3A2710%2Fannounce"
喔我的僵尸,5.5,2017-06-06,"thunder://QUFodHRwOi8vZGwxMjEuODBzLmltOjkyMC8xNzA2L+WWlOaIkeeahOWDteWwuC/llpTmiJHnmoTlg7XlsLgubXA0Wlo=,magnet:?xt=urn:btih:0BE8709D02EB9E4A1FFB5D93253C9673891105DE"
牛奶配送员的奇幻人生,7.4,2017-06-06,thunder://QUFodHRwOi8vZGwxMjMuODBzLmltOjkyMC8xNzA2L+eJm+WltumFjemAgeWRmOeahOWlh+W5u+S6uueUny/niZvlpbbphY3pgIHlkZjnmoTlpYflubvkurrnlJ8ubXA0Wlo=
汉娜的睡犬,6.6,2017-06-08,thunder://QUFodHRwOi8vZGwxMjEuODBzLmltOjkyMC8xNzA2L+axieWonOeahOedoeeKrC/msYnlqJznmoTnnaHniqwubXA0Wlo=
例外,6.6,2017-06-06,"thunder://QUFodHRwOi8vZGwxMjQuODBzLmltOjkyMC8xNzA2L+S+i+Wkli/kvovlpJYubXA0Wlo=,magnet:?xt=urn:btih:37315133e25c26e8de5e9e9797840229797fdf9b&dn=The.Exception.2016.1080p.WEB-DL.DD5.1.H264-FGT&tr=http%3A%2F%2Ftracker.trackerfix.com%3A80%2Fannounce&tr=udp%3A%2F%2F9.rarbg.me%3A2710%2Fannounce&tr=udp%3A%2F%2F9.rarbg.to%3A2710%2Fannounce"
最后的话,7.0,2017-06-06,"thunder://QUFodHRwOi8vZGwxMjUuODBzLmltOjkyMC8xNzA2L+acgOWQjueahOivnS/mnIDlkI7nmoTor50ubXA0Wlo=,magnet:?xt=urn:btih:605ee466d0005c56a654c219cb89b3c0ba0defb2&dn=The.Last.Word.2017.1080p.BluRay.x264.DTS-HD.MA.5.1-FGT&tr=http%3A%2F%2Ftracker.trackerfix.com%3A80%2Fannounce&tr=udp%3A%2F%2F9.rarbg.me%3A2710%2Fannounce&tr=udp%3A%2F%2F9.rarbg.to%3A2710%2Fannounce"
速度与激情8,7.2,2017-06-08,"thunder://QUFodHRwOi8vZGwxMjUuODBzLmltOjkyMC8xNzA2L+mAn2TkuI5q5oOFOC/pgJ9k5LiOauaDhTgubXA0Wlo=,magnet:?xt=urn:btih:192115a308a3c0b1bed514b427e9c9e06a58d26c&dn=Before.I.Fall.2017.1080p.BluRay.x264.DTS-HD.MA.5.1-FGT&tr=http%3A%2F%2Ftracker.trackerfix.com%3A80%2Fannounce&tr=udp%3A%2F%2F9.rarbg.me%3A2710%2Fannounce&tr=udp%3A%2F%2F9.rarbg.to%3A2710%2Fannounce"
哈桑·明哈杰：返校之王,8.6,2017-06-08,"thunder://QUFodHRwOi8vZGwxMjQuODBzLmltOjkyMC8xNzA2L+WTiOahkcK35piO5ZOI5p2w77ya6L+U5qCh5LmL546LL+WTiOahkcK35piO5ZOI5p2w77ya6L+U5qCh5LmL546LLm1wNFpa,magnet:?xt=urn:btih:5836de922f1c6d7b62d8e84e8e486a37030743a2&dn=Hasan.Minhaj.Homecoming.King.2017.720p.WEBRip.DD5.1.x264-QOQ&tr=http%3A%2F%2Ftracker.trackerfix.com%3A80%2Fannounce&tr=udp%3A%2F%2F9.rarbg.me%3A2710%2Fannounce&tr=udp%3A%2F%2F9.rarbg.to%3A2710%2Fannounce"
大钓哥,5.1,2017-06-09,thunder://QUFodHRwOi8vZGwxMjIuODBzLmltOjkyMC8xNzA2L+Wkp+mSk+WTpS/lpKfpkpPlk6UubXA0Wlo=
冰雪大作战,6.0,2017-06-08,"thunder://QUFodHRwOi8vZGwxMjUuODBzLmltOjkyMC8xNzA2L+WGsHjlpKfkvZzmiJgv5YaweOWkp+S9nOaImC5tcDRaWg==,magnet:?xt=urn:btih:355FF64A47E7DCA023D344CDA7886E0799A922FB"
摔跤吧！爸爸,9.2,2017-06-09,"thunder://QUFodHRwOi8vZGwxMjMuODBzLmltOjkyMC8xNzA2L+aRlGrlkKfvvIHniLjniLgv5pGUauWQp++8geeIuOeIuC5tcDRaWg==,magnet:?xt=urn:btih:D47604ABDC9CD35FB79DF63F23533E6BFA83D04B"
京城四少,3.9,2017-06-09,thunder://QUFodHRwOi8vZGwxMjUuODBzLmltOjkyMC8xNzA2L+S6rOWfjuWbm+WwkS/kuqzln47lm5vlsJEubXA0Wlo=
打拳架,5.9,2017-06-09,"thunder://QUFodHRwOi8vZGwxMjQuODBzLmltOjkyMC8xNzA2L+aJk+aLs+aeti/miZPmi7PmnrYubXA0Wlo=,magnet:?xt=urn:btih:93FEE351D16B7CA2FB0C4891680D10EA01949852"
血伞凶灵,2.3,2017-06-09,thunder://QUFodHRwOi8vZGwxMjQuODBzLmltOjkyMC8xNzA2L+ihgOS8nuWHtueBtS/ooYDkvJ7lh7bngbUubXA0Wlo=
黑蝴蝶,6.2,2017-06-10,thunder://QUFodHRwOi8vZGwxMjEuODBzLmltOjkyMC8xNzA2L+m7keidtOidti/pu5HonbTonbYubXA0Wlo=
血战狂沙,3.2,2017-06-10,thunder://QUFodHRwOi8vZGwxMjIuODBzLmltOjkyMC8xNzA2L+ihgOaImOeLguaymS/ooYDmiJjni4LmspkubXA0Wlo=
哆啦A梦：大雄的南极冰冰凉大冒险[抢先版],6.6,2017-06-09,thunder://QUFodHRwOi8vZGwxMjUuODBzLmltOjkyMC8xNzA2L+WThmxB5qKm77ya5aSneOeahOWNl+aegeWGsOWGsOWHieWkp+WGkumZqVvmiqLlhYjniYhdL+WThmxB5qKm77ya5aSneOeahOWNl+aegeWGsOWGsOWHieWkp+WGkumZqVvmiqLlhYjniYhdLm1wNFpa
心语阳光,4.5,2017-06-10,thunder://QUFodHRwOi8vZGwxMjMuODBzLmltOjkyMC8xNzA2L+W/g+ivremYs+WFiS/lv4Por63pmLPlhYkubXA0Wlo=
巴霍巴利王(下)：终结[DVD版],6.9,2017-06-11,thunder://QUFodHRwOi8vZGwxMjUuODBzLmltOjkyMC8xNzA2L+W3tOmcjeW3tOWIqeeOiyjkuIsp77ya57uI57uTW0RWROeJiF0v5be06ZyN5be05Yip546LKOS4iynvvJrnu4jnu5NbRFZE54mIXS5tcDRaWg==
我们的故事,7.7,2017-05-31,thunder://QUFodHRwOi8vZGwxMTcuODBzLmltOjkyMC8xNzA1L+aIkeS7rOeahOaVheS6iy/miJHku6znmoTmlYXkuosubXA0Wlo=
喜欢你,7.2,2017-06-02,"thunder://QUFodHRwOi8vZGwxMjQuODBzLmltOjkyMC8xNzA2L+WWnGjkvaAv5ZacaOS9oC5tcDRaWg==,magnet:?xt=urn:btih:09BB978A3842BBF97EB5FA293400689CCA6DA6F3"
柏林综合症,6.1,2017-06-02,thunder://QUFodHRwOi8vZGwxMjMuODBzLmltOjkyMC8xNzA2L+afj+ael+e7vOWQiOeXhy/mn4/mnpfnu7zlkIjnl4cubXA0Wlo=
救命解药,6.7,2017-05-31,"thunder://QUFodHRwOi8vZGwxMTguODBzLmltOjkyMC8xNzA1L+aVkeWRveino+iNry/mlZHlkb3op6Poja8ubXA0Wlo=,magnet:?xt=urn:btih:14ef6d95396c30d87f36427e1a977a9a55b380d8&dn=A.Cure.for.Wellness.2016.720p.BluRay.x264-DRONES%5Brarbg%5D&tr=http%3A%2F%2Ftracker.trackerfix.com%3A80%2Fannounce&tr=udp%3A%2F%2F9.rarbg.me%3A2710%2Fannounce&tr=udp%3A%2F%2F9.rarbg.to%3A2710%2Fannounce"
傲娇与偏见,5.3,2017-05-31,thunder://QUFodHRwOi8vZGwxMjAuODBzLmltOjkyMC8xNzA1L+WCsmrkuI7lgY/op4Ev5YKyauS4juWBj+ingS5tcDRaWg==
我们的青春不怕疼,3.8,2017-06-02,thunder://QUFodHRwOi8vZGwxMjMuODBzLmltOjkyMC8xNzA2L+aIkeS7rOeahOmdkuaYpeS4jeaAleeWvC/miJHku6znmoTpnZLmmKXkuI3mgJXnlrwubXA0Wlo=
王的记事簿,6.2,2017-05-31,thunder://QUFodHRwOi8vZGwxMTYuODBzLmltOjkyMC8xNzA1L+eOi+eahOiusOS6i+ewvy/njovnmoTorrDkuovnsL8ubXA0Wlo=
我们的故事2,7.0,2017-05-31,thunder://QUFodHRwOi8vZGwxMTkuODBzLmltOjkyMC8xNzA1L+aIkeS7rOeahOaVheS6izIv5oiR5Lus55qE5pWF5LqLMi5tcDRaWg==
女杀手KIRI：血腥复仇,5.9,2017-06-01,thunder://QUFodHRwOi8vZGwxMjMuODBzLmltOjkyMC8xNzA2L+Wls+adgOaJi0tJUknvvJrooYDohaXlpI3ku4cv5aWz5p2A5omLS0lSSe+8muihgOiFpeWkjeS7hy5tcDRaWg==
加勒比海盗5：死无对证[抢先版],7.5,2017-05-30,thunder://QUFodHRwOi8vZGwxMTYuODBzLmltOjkyMC8xNzA1L+WKoGzmr5Tmtbfnm5c177ya5q275peg5a+56K+BW+aKouWFiOeJiF0v5YqgbOavlOa1t+eblzXvvJrmrbvml6Dlr7nor4Fb5oqi5YWI54mIXV