汇仁 肾宝片 0.7g*126片 （调和阴阳 温阳补肾 扶正固本）,https://img12.360buyimg.com/n5/jfs/t6676/304/601098908/65840/8cff0a54/59423e6eNf845fbf6.jpg
鸿茅 鸿茅药酒 250ml*6瓶礼盒装 祛风湿骨关节痛老人,https://img12.360buyimg.com/n5/jfs/t3184/53/3855619571/125138/b09892c5/57fb4d97Nf56056a1.jpg
白云山 陈李济 舒筋健腰丸45g*10瓶 腰痛腿麻腰间盘舒筋活络,https://img10.360buyimg.com/n5/jfs/t4087/286/1645955684/432146/3c56cc74/5884be7cNa65f7e54.jpg
东阿阿胶复方阿胶浆20ml*48支 (无蔗糖),https://img10.360buyimg.com/n5/jfs/t6649/108/1723316117/549259/2bd4c60e/59562052N2b5f51d6.jpg
爱乐维 100片 叶酸复合维生素片（备孕、孕妇专用维生素矿物质）,https://img13.360buyimg.com/n5/jfs/t3112/195/9107198652/67523/8a7d9d74/58cf6ccdNbe128c38.jpg
鸿茅 鸿茅药酒500ml 祛风湿骨关节痛老人,https://img14.360buyimg.com/n5/jfs/t2626/35/1728792695/374422/40f5b5fe/57469cf4Nd1d61dac.jpg
同溢堂益安宁丸 112粒*3瓶（补气活血，益肝健肾，养心安神）,https://img14.360buyimg.com/n5/jfs/t3286/41/1490123624/227909/ec2c6962/57cd0815N830b4fe7.jpg
爱乐维 30片 叶酸复合维生素片（备孕、孕妇专用维生素矿物质）,https://img10.360buyimg.com/n5/jfs/t3115/121/9163046950/100595/73fa6168/58cf650aN66542d59.jpg
鸿茅 鸿茅药酒 250ml*3瓶礼盒装 祛风湿骨关节痛老人,https://img14.360buyimg.com/n5/jfs/t3715/330/1848339699/1088117/1377bbef/5833a37eNeaaa753b.jpg
曹清华 薏辛除湿止痛胶囊216粒 风湿骨痛关节痛,https://img12.360buyimg.com/n5/jfs/t2638/269/1364269033/209501/e20c24e8/573c5921Nf129cb24.jpg
汇仁 肾宝片礼盒装 126片*4盒,https://img10.360buyimg.com/n5/jfs/t4816/16/2005802995/85769/95d9ccfb/58f6c1baN33f57c93.jpg
东阿阿胶 阿胶片阿胶块250g 红标铁盒装,https://img10.360buyimg.com/n5/jfs/t5167/13/411963192/119843/f3bf3d7d/58ff0fe7Nd9cbdfcc.jpg
亮甲复方聚维酮碘搽剂 3ml*2瓶（灰指甲专用，用于足癣 头癣 花斑癣 甲癣 并发细菌感染）,https://img10.360buyimg.com/n5/jfs/t4687/52/46391134/96297/b6160bb2/58c8cabcNc42cf947.jpg
汇仁肾宝片 126片 男女肾虚阴阳虚 汇源肾宝补肾壮阳阳痿早泄药品,https://img11.360buyimg.com/n5/jfs/t5767/276/49340822/407146/8f5ee245/59150babNd4ad3dfd.jpg
艾丽奥利司他胶囊21粒（男女抗肥胖瘦身排油药品）,https://img10.360buyimg.com/n5/jfs/t6070/104/3083942260/236883/5faa59c0/594b3d43N3c5112b8.jpg
鸿茅 鸿茅药酒250ml*6瓶礼盒装祛风湿骨关节痛老人红毛鸿毛红茅要酒,https://img14.360buyimg.com/n5/jfs/t3424/319/767583727/306840/a3c652a5/5816e0f9Nf8b61d96.jpg
善存 多维元素片(29) 100片/瓶 ,https://img11.360buyimg.com/n5/jfs/t3190/354/8147685219/207483/cbf721b9/58be2666N70a24bc5.jpg
九芝堂 六味地黄丸（浓缩丸）360丸 滋阴补肾虚耳鸣盗汗遗精六位药品,https://img10.360buyimg.com/n5/jfs/t2620/157/2874940501/373229/b8b2781d/5774fe78Na52e1b52.jpg
优思明 屈螺酮炔雌醇片 21片/盒 进口女性短效口服避孕药（OTC新装上市）,https://img12.360buyimg.com/n5/jfs/t3232/272/5785311124/84345/a0cc02c6/58843c4aNe8904e24.jpg
惠氏 善存银片 100片/盒,https://img10.360buyimg.com/n5/jfs/t3259/69/8822342972/89555/72289091/58c8c545N0b03cc43.jpg
康王复方酮康唑发用洗剂 100ml*1瓶/盒 去屑止痒洗发水 (新老包装随机发货),https://img11.360buyimg.com/n5/jfs/t3949/99/1838374479/106952/1e2bc55a/589980acN5e1970b9.jpg
蔓迪 米诺地尔酊 60ML（防脱发斑秃脂溢性脱发）,https://img12.360buyimg.com/n5/jfs/t4303/223/3036383849/131203/46dd765e/58d9f644N67e8790e.jpg
汇仁 女金胶囊 48粒,https://img12.360buyimg.com/n5/jfs/t4603/254/4569576398/355573/721ad2a4/591019c3Nc0bbd808.jpg
福胶 福胶阿胶片阿胶块250g 标准装,https://img11.360buyimg.com/n5/jfs/t2782/339/2368300808/485214/2fb53c0a/576247a6Na2ce31d3.jpg
钙尔奇D 碳酸钙D3片600mg*100片,https://img10.360buyimg.com/n5/jfs/t4681/252/1441020074/209806/f58bd3d5/58df3360Nebfbe6c5.jpg
同溢堂益安宁丸香港 冠心病中药品 112丸*3瓶 易安宁溢一安宁,https://img14.360buyimg.com/n5/jfs/t6679/139/1048620687/404047/bee0d31e/5949cbb0N389a5aee.jpg
东阿阿胶 阿胶片阿胶块125g 红标铁盒装,https://img13.360buyimg.com/n5/jfs/t2614/84/4271969687/190974/c4c33ae2/57b40c17Nb89474f9.jpg
盘龙云海排毒养颜胶囊90粒（祛色斑 便秘 痤疮 益气活血 通便）,https://img11.360buyimg.com/n5/jfs/t3097/20/4355193531/286915/faedc7c3/5840e391Na45fa3b9.jpg
盘龙云海排毒养颜胶囊70粒（祛色斑 便秘 痤疮 益气活血 通便）,https://img10.360buyimg.com/n5/jfs/t2662/159/1423992457/173850/a12f2ba0/573d8f66Ne9132e03.jpg
辅舒良丙酸氟替卡松鼻喷雾剂120喷（预防和治疗季节性过敏性鼻炎和常年性过敏性鼻炎）,https://img12.360buyimg.com/n5/jfs/t6340/270/655348624/598304/4689ce2a/594342efN57b8b88d.jpg
罗每乐 盐酸阿莫罗芬搽剂 2.5ml（灰指甲药水甲癣脚气）,https://img11.360buyimg.com/n5/jfs/t2947/186/2251041978/266148/44076cca/57a2de57N0b370a4d.jpg
养无极 补肺丸 9g*10丸*4板,https://img10.360buyimg.com/n5/jfs/t5632/136/3783823976/375627/b8fcf93d/5943586bNc6a89ce3.jpg
同仁堂 六味地黄丸（浓缩丸）300丸 （男女肾虚肾亏中药品滋阴补肾）,https://img13.360buyimg.com/n5/jfs/t4798/84/2355265910/186014/17244fe4/58ff0988Nfd67de00.jpg
金钙尔奇 Caltrate 碳酸钙维D3元素片100片,https://img11.360buyimg.com/n5/jfs/t4855/197/1196369076/296076/2cff75b5/58edd2d2Na667ece8.jpg
九芝堂 驴胶补血颗粒 20g*30袋,https://img12.360buyimg.com/n5/jfs/t2896/237/1350653839/144170/c811e513/573d16cbNc3388e05.jpg
钙尔奇D 碳酸钙D3片600mg*60片,https://img11.360buyimg.com/n5/jfs/t4846/350/1162639379/300659/49744799/58edca7cNa42007dd.jpg
东阿阿胶 阿胶块250g 阿胶片 ejiao东阿阿胶块  咨询客服有惊喜,https://img14.360buyimg.com/n5/jfs/t5233/349/94359734/482169/35c36e4d/58f85a7bNd4b5777e.jpg
达克宁硝酸咪康唑乳膏20g（治脚气脚痒 手足癣手癣股癣花斑癣）,https://img12.360buyimg.com/n5/jfs/t3139/52/1013921116/38552/3dcdb17f/57c3a996Nfd47ff91.jpg
东阿阿胶 复方阿胶浆口服液无糖型20ml*48支/盒 补气血治疗贫血失眠药品 咨询客服有惊,https://img10.360buyimg.com/n5/jfs/t4516/163/3195391167/908625/3636746/58f85d3bNddcc7faf.png
【迪巧官方旗舰店】迪巧 维D钙咀嚼钙片120片孕妇成人中老年儿童小儿补钙 1盒装（买2送好礼）,https://img10.360buyimg.com/n5/jfs/t2614/320/2384038119/420632/e25f0c75/5763969aNc3782023.jpg
鸿茅 鸿茅药酒 250ml*6瓶礼盒装 红毛鸿毛药酒风湿骨痛关节炎马应龙官方旗舰店,https://img12.360buyimg.com/n5/jfs/t5284/110/2297232526/291627/e2554257/5918ff70N6194379b.jpg
东阿阿胶 金标阿胶块250g,https://img12.360buyimg.com/n5/jfs/t4273/25/1130350064/329435/433cf364/58be126fNaaa205e3.jpg
太极五子衍宗丸(浓缩丸) 120丸 补肾早泄阳痿遗精,https://img13.360buyimg.com/n5/jfs/t5581/96/2993043114/469188/84b70b15/59361f9cN79567cf1.jpg
蔓迪 米诺地尔酊 90ml 防脱发斑秃脂溢性脱发,https://img13.360buyimg.com/n5/jfs/t4972/16/55897480/139608/fb8ff758/58d9f667N257148b4.jpg
伊可新 维生素AD滴剂(0-1岁) 胶囊型 30粒,https://img10.360buyimg.com/n5/jfs/t4189/307/3610903299/394452/8b7e8422/58e5bb9aNb6bb1356.jpg
伊可新 维生素AD滴剂(1岁以上)胶囊型 30粒,https://img11.360buyimg.com/n5/jfs/t4543/354/2950773125/164879/2c8ddb4d/58f4446bN29eb85ae.jpg
东阿阿胶250g 阿胶片 套餐500g ejiao 标准装,https://img14.360buyimg.com/n5/jfs/t6697/116/1050606146/377777/72a430e2/5949c5c8Ne9b1cf93.jpg
同仁堂 六味地黄丸软胶囊 60粒 滋阴补肾,https://img11.360buyimg.com/n5/jfs/t3331/18/1974985272/292313/b8ca1a11/5838f7d0Naf71920a.jpg
伊可新 维生素AD滴剂(0-1岁) 胶囊型 50粒,https://img13.360buyimg.com/n5/jfs/t6352/139/361285531/254738/ca36ecac/593e5f1fNa441ae30.jpg
同仁堂 五子衍宗丸 60g/瓶 男性肾虚阳痿早泄,https://img13.360buyimg.com/n5/jfs/t3745/156/1886219858/130163/493ac80c/5838e56bN8b02d744.jpg
鸿茅药酒 500ml装 祛风湿骨关节痛老人鸿毛红毛药酒上元堂官方旗舰店 一盒,https://img12.360buyimg.com/n5/jfs/t5998/153/3754592832/518100/d4ffb79f/59599ea9N1e0edb38.jpg
陈李济 舒筋健腰丸45g*10瓶,https://img14.360buyimg.com/n5/jfs/t4471/282/107235054/378446/2583ab95/58c9f2a0Nb25d8e24.jpg
京都念慈C蜜炼川贝枇杷膏300ml润肺止咳糖浆感冒咳嗽药,https://img11.360buyimg.com/n5/jfs/t3046/208/1026157435/454180/78f750b7/57c4f68cN606574b3.jpg
汇仁 肾宝片126片男女补肾虚  可搭配治疗壮阳补肾阳痿早泄药品,https://img11.360buyimg.com/n5/jfs/t4810/138/42374666/143550/2120e1f5/58d9c210N0c488814.jpg
钙尔奇 碳酸钙D3片 0.6g*60片 3盒装,https://img13.360buyimg.com/n5/jfs/t4540/24/2362877390/399340/84363dd5/58ede7a6N88401940.jpg
惠氏 玛特纳 复方多维元素片(23)60片,https://img10.360buyimg.com/n5/jfs/t3259/62/2664799282/312579/9d677cf2/57e49d4dNff6c4d29.jpg
东阿阿胶 阿胶块250g 阿胶片 东阿阿胶块,https://img10.360buyimg.com/n5/jfs/t4054/129/1011992146/235349/c8e87291/586470b4Nfef4c1d3.jpg
济民可信 金水宝胶囊63粒 治疗阳痿早泄 补肾益肺 腰膝酸软药品,https://img10.360buyimg.com/n5/jfs/t3928/2/1659430399/265933/b788d553/5885a78cN5679a14c.jpg
汇仁 肾宝合剂 200ml,https://img11.360buyimg.com/n5/jfs/t5911/196/436488319/255268/dc4aa973/5927fa94N97bbfddb.jpg
鸿茅药酒官方旗舰店 鸿茅药酒250ml*6瓶礼盒装 祛风湿骨关节痛老人,https://img13.360buyimg.com/n5/jfs/t6124/100/3515434880/464734/e3efd7d6/59546e82Nc58c64d8.jpg
